{
	"textures": {
		"0": "item/gun/five_seven/base",
		"particle": "item/gun/five_seven/base"
	},
	"elements": [
		{
			"from": [7.25, 4.725, 11.625],
			"to": [8.75, 9.725, 14.125],
			"rotation": {"angle": -22.5, "axis": "x", "origin": [12, 7.5, 13]},
			"faces": {
				"north": {"uv": [6.66667, 8, 7.66667, 11.33333], "texture": "#0"},
				"east": {"uv": [5, 8, 6.66667, 11.33333], "texture": "#0"},
				"south": {"uv": [9.33333, 8, 10.33333, 11.33333], "texture": "#0"},
				"west": {"uv": [7.66667, 8, 9.33333, 11.33333], "texture": "#0"},
				"up": {"uv": [7.66667, 8, 6.66667, 6.33333], "texture": "#0"},
				"down": {"uv": [8.66667, 6.33333, 7.66667, 8], "texture": "#0"}
			}
		},
		{
			"from": [7.5, 10, 5.225],
			"to": [8.5, 11, 5.225],
			"faces": {
				"north": {"uv": [0, 0, 0.66667, 0.66667], "texture": "#0"}
			}
		},
		{
			"from": [8, 5.25, 7.75],
			"to": [8, 8.75, 12.75],
			"faces": {
				"north": {"uv": [3.33333, 5.66667, 3.33333, 8], "texture": "#0"},
				"east": {"uv": [3.33333, 5.66667, 0, 8], "texture": "#0"},
				"south": {"uv": [6.66667, 5.66667, 6.66667, 8], "texture": "#0"},
				"west": {"uv": [0, 5.66667, 3.33333, 8], "texture": "#0"},
				"up": {"uv": [3.33333, 5.66667, 3.33333, 2.33333], "texture": "#0"},
				"down": {"uv": [3.33333, 2.33333, 3.33333, 5.66667], "texture": "#0"}
			}
		},
		{
			"from": [8, 11.25, 5.25],
			"to": [8, 11.75, 8.25],
			"faces": {
				"north": {"uv": [2, 2, 2, 2.33333], "texture": "#0"},
				"east": {"uv": [2, 2, 0, 2.33333], "texture": "#0"},
				"south": {"uv": [4, 2, 4, 2.33333], "texture": "#0"},
				"west": {"uv": [0, 2, 2, 2.33333], "texture": "#0"},
				"up": {"uv": [2, 2, 2, 0], "texture": "#0"},
				"down": {"uv": [2, 0, 2, 2], "texture": "#0"}
			}
		},
		{
			"from": [7, 8.75, 8.25],
			"to": [9, 11.25, 14.25],
			"faces": {
				"north": {"uv": [4, 4, 5.33333, 5.66667], "texture": "#0"},
				"east": {"uv": [0, 4, 4, 5.66667], "texture": "#0"},
				"south": {"uv": [9.33333, 4, 10.66667, 5.66667], "texture": "#0"},
				"west": {"uv": [5.33333, 4, 9.33333, 5.66667], "texture": "#0"},
				"up": {"uv": [5.33333, 4, 4, 0], "texture": "#0"},
				"down": {"uv": [6.66667, 0, 5.33333, 4], "texture": "#0"}
			}
		},
		{
			"from": [7.25, 10.95, 12.05],
			"to": [8.75, 11.45, 14.05],
			"rotation": {"angle": -22.5, "axis": "x", "origin": [8, 11.35, 13.25]},
			"faces": {
				"north": {"uv": [1.33333, 9.33333, 2.33333, 9.66667], "texture": "#0"},
				"east": {"uv": [0, 9.33333, 1.33333, 9.66667], "texture": "#0"},
				"south": {"uv": [3.66667, 9.33333, 4.66667, 9.66667], "texture": "#0"},
				"west": {"uv": [2.33333, 9.33333, 3.66667, 9.66667], "texture": "#0"},
				"up": {"uv": [2.33333, 9.33333, 1.33333, 8], "texture": "#0"},
				"down": {"uv": [3.33333, 8, 2.33333, 9.33333], "texture": "#0"}
			}
		},
		{
			"from": [7.25, 8.75, 5.75],
			"to": [8.75, 9.75, 8.25],
			"faces": {
				"north": {"uv": [10.66667, 5.66667, 11.66667, 6.33333], "texture": "#0"},
				"east": {"uv": [9, 5.66667, 10.66667, 6.33333], "texture": "#0"},
				"south": {"uv": [13.33333, 5.66667, 14.33333, 6.33333], "texture": "#0"},
				"west": {"uv": [11.66667, 5.66667, 13.33333, 6.33333], "texture": "#0"},
				"up": {"uv": [11.66667, 5.66667, 10.66667, 4], "texture": "#0"},
				"down": {"uv": [12.66667, 4, 11.66667, 5.66667], "texture": "#0"}
			}
		},
		{
			"from": [7, 9.75, 5.25],
			"to": [9, 11.25, 8.25],
			"faces": {
				"north": {"uv": [8.66667, 2, 10, 3], "texture": "#0"},
				"east": {"uv": [6.66667, 2, 8.66667, 3], "texture": "#0"},
				"south": {"uv": [12, 2, 13.33333, 3], "texture": "#0"},
				"west": {"uv": [10, 2, 12, 3], "texture": "#0"},
				"up": {"uv": [10, 2, 8.66667, 0], "texture": "#0"},
				"down": {"uv": [11.33333, 0, 10, 2], "texture": "#0"}
			}
		}
	],
	"gui_light": "front",
	"display": {
		"thirdperson_righthand": {
			"translation": [-0.5, -0.25, -2.5],
			"scale": [0.9, 0.9, 0.9]
		},
		"thirdperson_lefthand": {
			"translation": [-0.5, -0.25, -2.5],
			"scale": [0.9, 0.9, 0.9]
		},
		"firstperson_righthand": {
			"translation": [0, -1, -4]
		},
		"firstperson_lefthand": {
			"translation": [0, -1, -4]
		},
		"ground": {
			"rotation": [0, 0, 90],
			"translation": [0, -2, 0],
			"scale": [0.8, 0.8, 0.8]
		},
		"gui": {
			"rotation": [90, -60, 90],
			"translation": [2, 2, 0],
			"scale": [1.2, 1.2, 1.2]
		},
		"head": {
			"rotation": [180, 90, 0],
			"translation": [0, 15.5, 7.25],
			"scale": [0.8, 0.8, 0.8]
		},
		"fixed": {
			"rotation": [0, 90, 0],
			"translation": [-4, 0, -1.5],
			"scale": [1.6, 1.6, 1.6]
		}
	}
}