{
	"textures": {
		"0": "item/gun/aks_74u/base",
		"particle": "item/gun/aks_74u/base"
	},
	"elements": [
		{
			"from": [7, 9, 5],
			"to": [9, 11.5, 14],
			"faces": {
				"north": {"uv": [4.5, 4.5, 5.5, 5.75], "texture": "#0"},
				"east": {"uv": [0, 4.5, 4.5, 5.75], "texture": "#0"},
				"south": {"uv": [10, 4.5, 11, 5.75], "texture": "#0"},
				"west": {"uv": [5.5, 4.5, 10, 5.75], "texture": "#0"},
				"up": {"uv": [5.5, 4.5, 4.5, 0], "texture": "#0"},
				"down": {"uv": [6.5, 0, 5.5, 4.5], "texture": "#0"}
			}
		},
		{
			"from": [8, 6.5, 3],
			"to": [8, 9, 12],
			"faces": {
				"north": {"uv": [10.75, 5.75, 10.75, 7], "texture": "#0"},
				"east": {"uv": [10.75, 5.75, 6.25, 7], "texture": "#0"},
				"south": {"uv": [15.25, 5.75, 15.25, 7], "texture": "#0"},
				"west": {"uv": [6.25, 5.75, 10.75, 7], "texture": "#0"},
				"up": {"uv": [10.75, 5.75, 10.75, 1.25], "texture": "#0"},
				"down": {"uv": [10.75, 1.25, 10.75, 5.75], "texture": "#0"}
			}
		},
		{
			"from": [7.25, 11, 4],
			"to": [8.75, 12, 13.5],
			"faces": {
				"north": {"uv": [4.75, 10.5, 5.5, 11], "texture": "#0"},
				"east": {"uv": [0, 10.5, 4.75, 11], "texture": "#0"},
				"south": {"uv": [10.25, 10.5, 11, 11], "texture": "#0"},
				"west": {"uv": [5.5, 10.5, 10.25, 11], "texture": "#0"},
				"up": {"uv": [5.5, 10.5, 4.75, 5.75], "texture": "#0"},
				"down": {"uv": [6.25, 5.75, 5.5, 10.5], "texture": "#0"}
			}
		},
		{
			"from": [7, 9, 1],
			"to": [9, 11, 5],
			"faces": {
				"north": {"uv": [8.25, 9, 9.25, 10], "texture": "#0"},
				"east": {"uv": [6.25, 9, 8.25, 10], "texture": "#0"},
				"south": {"uv": [11.25, 9, 12.25, 10], "texture": "#0"},
				"west": {"uv": [9.25, 9, 11.25, 10], "texture": "#0"},
				"up": {"uv": [9.25, 9, 8.25, 7], "texture": "#0"},
				"down": {"uv": [10.25, 7, 9.25, 9], "texture": "#0"}
			}
		},
		{
			"from": [7.25, 9.25, -1.5],
			"to": [8.75, 10.75, 1],
			"faces": {
				"north": {"uv": [11.5, 8.25, 12.25, 9], "texture": "#0"},
				"east": {"uv": [10.25, 8.25, 11.5, 9], "texture": "#0"},
				"south": {"uv": [13.5, 8.25, 14.25, 9], "texture": "#0"},
				"west": {"uv": [12.25, 8.25, 13.5, 9], "texture": "#0"},
				"up": {"uv": [12.25, 8.25, 11.5, 7], "texture": "#0"},
				"down": {"uv": [13, 7, 12.25, 8.25], "texture": "#0"}
			}
		},
		{
			"from": [7.25, 9.25, -3],
			"to": [8.75, 10.75, -2],
			"faces": {
				"north": {"uv": [3, 11.5, 3.75, 12.25], "texture": "#0"},
				"east": {"uv": [2.5, 11.5, 3, 12.25], "texture": "#0"},
				"south": {"uv": [4.25, 11.5, 5, 12.25], "texture": "#0"},
				"west": {"uv": [3.75, 11.5, 4.25, 12.25], "texture": "#0"},
				"up": {"uv": [3.75, 11.5, 3, 11], "texture": "#0"},
				"down": {"uv": [4.5, 11, 3.75, 11.5], "texture": "#0"}
			}
		},
		{
			"from": [8.75, 9.25, -3],
			"to": [7.25, 10.75, -2],
			"faces": {
				"north": {"uv": [3, 11.5, 3.75, 12.25], "texture": "#0"},
				"east": {"uv": [2.5, 11.5, 3, 12.25], "texture": "#0"},
				"south": {"uv": [4.25, 11.5, 5, 12.25], "texture": "#0"},
				"west": {"uv": [3.75, 11.5, 4.25, 12.25], "texture": "#0"},
				"up": {"uv": [3.75, 11.5, 3, 11], "texture": "#0"},
				"down": {"uv": [4.5, 11, 3.75, 11.5], "texture": "#0"}
			}
		},
		{
			"from": [7.25, 10.75, 0],
			"to": [8.75, 13.25, 1],
			"faces": {
				"north": {"uv": [0.5, 11.5, 1.25, 12.75], "texture": "#0"},
				"east": {"uv": [0, 11.5, 0.5, 12.75], "texture": "#0"},
				"south": {"uv": [1.75, 11.5, 2.5, 12.75], "texture": "#0"},
				"west": {"uv": [1.25, 11.5, 1.75, 12.75], "texture": "#0"},
				"up": {"uv": [1.25, 11.5, 0.5, 11], "texture": "#0"},
				"down": {"uv": [2, 11, 1.25, 11.5], "texture": "#0"}
			}
		},
		{
			"from": [8.75, 10.75, 0],
			"to": [7.25, 13.25, 1],
			"faces": {
				"north": {"uv": [0.5, 11.5, 1.25, 12.75], "texture": "#0"},
				"east": {"uv": [0, 11.5, 0.5, 12.75], "texture": "#0"},
				"south": {"uv": [1.75, 11.5, 2.5, 12.75], "texture": "#0"},
				"west": {"uv": [1.25, 11.5, 1.75, 12.75], "texture": "#0"},
				"up": {"uv": [1.25, 11.5, 0.5, 11], "texture": "#0"},
				"down": {"uv": [2, 11, 1.25, 11.5], "texture": "#0"}
			}
		},
		{
			"from": [7.25, 11, 1],
			"to": [8.75, 12, 4],
			"faces": {
				"north": {"uv": [11.5, 1.5, 12.25, 2], "texture": "#0"},
				"east": {"uv": [10, 1.5, 11.5, 2], "texture": "#0"},
				"south": {"uv": [13.75, 1.5, 14.5, 2], "texture": "#0"},
				"west": {"uv": [12.25, 1.5, 13.75, 2], "texture": "#0"},
				"up": {"uv": [12.25, 1.5, 11.5, 0], "texture": "#0"},
				"down": {"uv": [13, 0, 12.25, 1.5], "texture": "#0"}
			}
		},
		{
			"from": [8, 12, 4],
			"to": [8, 13, 9.5],
			"faces": {
				"north": {"uv": [9.25, 3.5, 9.25, 4], "texture": "#0"},
				"east": {"uv": [9.25, 3.5, 6.5, 4], "texture": "#0"},
				"south": {"uv": [12, 3.5, 12, 4], "texture": "#0"},
				"west": {"uv": [6.5, 3.5, 9.25, 4], "texture": "#0"},
				"up": {"uv": [9.25, 3.5, 9.25, 0.75], "texture": "#0"},
				"down": {"uv": [9.25, 0.75, 9.25, 3.5], "texture": "#0"}
			}
		},
		{
			"from": [7.5, 9.5, -2.5],
			"to": [8.5, 10.5, 1],
			"faces": {
				"north": {"uv": [11, 11.75, 11.5, 12.25], "texture": "#0"},
				"east": {"uv": [9.25, 11.75, 11, 12.25], "texture": "#0"},
				"south": {"uv": [13.25, 11.75, 13.75, 12.25], "texture": "#0"},
				"west": {"uv": [11.5, 11.75, 13.25, 12.25], "texture": "#0"},
				"up": {"uv": [11.5, 11.75, 11, 10], "texture": "#0"},
				"down": {"uv": [12, 10, 11.5, 11.75], "texture": "#0"}
			}
		},
		{
			"from": [7.5, 10.75, -0.5],
			"to": [8.5, 11.75, 1],
			"faces": {
				"north": {"uv": [0.75, 14.5, 1.25, 15], "texture": "#0"},
				"east": {"uv": [0, 14.5, 0.75, 15], "texture": "#0"},
				"south": {"uv": [13.25, 11.75, 13.75, 12.25], "texture": "#0"},
				"west": {"uv": [1.25, 14.5, 2, 15], "texture": "#0"},
				"up": {"uv": [1.25, 14.5, 0.75, 13.75], "texture": "#0"},
				"down": {"uv": [1.75, 13.75, 1.25, 14.5], "texture": "#0"}
			}
		},
		{
			"from": [7.25, 4.725, 11.625],
			"to": [8.75, 9.725, 14.125],
			"rotation": {"angle": -22.5, "axis": "x", "origin": [8, 7.5, 13]},
			"faces": {
				"north": {"uv": [1.25, 7, 2, 9.5], "texture": "#0"},
				"east": {"uv": [0, 7, 1.25, 9.5], "texture": "#0"},
				"south": {"uv": [3.25, 7, 4, 9.5], "texture": "#0"},
				"west": {"uv": [2, 7, 3.25, 9.5], "texture": "#0"},
				"up": {"uv": [2, 7, 1.25, 5.75], "texture": "#0"},
				"down": {"uv": [2.75, 5.75, 2, 7], "texture": "#0"}
			}
		},
		{
			"from": [9, 10.5, 6],
			"to": [11, 11, 6],
			"faces": {
				"north": {"uv": [1, 0, 0, 0.25], "texture": "#0"},
				"south": {"uv": [0, 0, 1, 0.25], "texture": "#0"}
			}
		}
	],
	"gui_light": "front",
	"display": {
		"thirdperson_righthand": {
			"translation": [-0.5, -0.5, -2.5],
			"scale": [0.9, 0.9, 0.9]
		},
		"thirdperson_lefthand": {
			"translation": [-0.5, -0.5, -2.5],
			"scale": [0.9, 0.9, 0.9]
		},
		"firstperson_righthand": {
			"translation": [0, -1, -4]
		},
		"firstperson_lefthand": {
			"translation": [0, -1, -4]
		},
		"ground": {
			"rotation": [0, 0, 90],
			"translation": [0, -2, 0],
			"scale": [0.8, 0.8, 0.8]
		},
		"gui": {
			"rotation": [90, -50, 100],
			"translation": [-1, -1.25, 0]
		},
		"head": {
			"rotation": [180, 90, 0],
			"translation": [0, 15.5, 7.25],
			"scale": [0.8, 0.8, 0.8]
		},
		"fixed": {
			"rotation": [0, 90, 0],
			"translation": [3, 0, -1.5],
			"scale": [1.6, 1.6, 1.6]
		}
	}
}