{
	"textures": {
		"0": "item/gun/colt_anaconda/base",
		"particle": "item/gun/colt_anaconda/base"
	},
	"elements": [
		{
			"from": [8.025, 11.53963, 0.44239],
			"to": [8.025, 12.53963, 7.44239],
			"faces": {
				"north": {"uv": [3.5, 8, 3.5, 8.5], "texture": "#0"},
				"east": {"uv": [3.5, 8, 0, 8.5], "texture": "#0"},
				"south": {"uv": [7, 8, 7, 8.5], "texture": "#0"},
				"west": {"uv": [0, 8, 3.5, 8.5], "texture": "#0"},
				"up": {"uv": [3.5, 8, 3.5, 4.5], "texture": "#0"},
				"down": {"uv": [3.5, 4.5, 3.5, 8], "texture": "#0"}
			}
		},
		{
			"from": [7.275, 8.53963, 7.44239],
			"to": [8.775, 12.03963, 11.44239],
			"faces": {
				"north": {"uv": [8.5, 4.25, 9.25, 6], "texture": "#0"},
				"east": {"uv": [6.5, 4.25, 8.5, 6], "texture": "#0"},
				"south": {"uv": [11.25, 4.25, 12, 6], "texture": "#0"},
				"west": {"uv": [9.25, 4.25, 11.25, 6], "texture": "#0"},
				"up": {"uv": [9.25, 4.25, 8.5, 2.25], "texture": "#0"},
				"down": {"uv": [10, 2.25, 9.25, 4.25], "texture": "#0"}
			}
		},
		{
			"from": [7.275, 10.03963, 0.44239],
			"to": [8.775, 11.53963, 7.44239],
			"faces": {
				"north": {"uv": [3.5, 3.5, 4.25, 4.25], "texture": "#0"},
				"east": {"uv": [0, 3.5, 3.5, 4.25], "texture": "#0"},
				"south": {"uv": [7.75, 3.5, 8.5, 4.25], "texture": "#0"},
				"west": {"uv": [4.25, 3.5, 7.75, 4.25], "texture": "#0"},
				"up": {"uv": [4.25, 3.5, 3.5, 0], "texture": "#0"},
				"down": {"uv": [5, 0, 4.25, 3.5], "texture": "#0"}
			}
		},
		{
			"from": [7.525, 9.53963, 0.44239],
			"to": [8.525, 10.03963, 7.44239],
			"faces": {
				"north": {"uv": [3.5, 7.75, 4, 8], "texture": "#0"},
				"east": {"uv": [0, 7.75, 3.5, 8], "texture": "#0"},
				"south": {"uv": [7.5, 7.75, 8, 8], "texture": "#0"},
				"west": {"uv": [4, 7.75, 7.5, 8], "texture": "#0"},
				"up": {"uv": [4, 7.75, 3.5, 4.25], "texture": "#0"},
				"down": {"uv": [4.5, 4.25, 4, 7.75], "texture": "#0"}
			}
		},
		{
			"from": [6.775, 9.03963, 7.94239],
			"to": [9.275, 11.53963, 10.94239],
			"faces": {
				"north": {"uv": [8, 8.75, 9.25, 10], "texture": "#0"},
				"east": {"uv": [6.5, 8.75, 8, 10], "texture": "#0"},
				"south": {"uv": [10.75, 8.75, 12, 10], "texture": "#0"},
				"west": {"uv": [9.25, 8.75, 10.75, 10], "texture": "#0"},
				"up": {"uv": [9.25, 8.75, 8, 7.25], "texture": "#0"},
				"down": {"uv": [10.5, 7.25, 9.25, 8.75], "texture": "#0"}
			}
		},
		{
			"from": [8.025, 6.03963, 7.94239],
			"to": [8.025, 8.53963, 12.94239],
			"faces": {
				"north": {"uv": [7, 6, 7, 7.25], "texture": "#0"},
				"east": {"uv": [7, 6, 4.5, 7.25], "texture": "#0"},
				"south": {"uv": [9.5, 6, 9.5, 7.25], "texture": "#0"},
				"west": {"uv": [4.5, 6, 7, 7.25], "texture": "#0"},
				"up": {"uv": [7, 6, 7, 3.5], "texture": "#0"},
				"down": {"uv": [7, 3.5, 7, 6], "texture": "#0"}
			}
		},
		{
			"from": [7.25, 4.51463, 11.56739],
			"to": [8.8, 9.51463, 14.06739],
			"rotation": {"angle": -22.5, "axis": "x", "origin": [19.025, 7.53963, 12.44239]},
			"faces": {
				"north": {"uv": [1.25, 9.75, 2, 12.25], "texture": "#0"},
				"east": {"uv": [0, 9.75, 1.25, 12.25], "texture": "#0"},
				"south": {"uv": [3.25, 9.75, 4, 12.25], "texture": "#0"},
				"west": {"uv": [2, 9.75, 3.25, 12.25], "texture": "#0"},
				"up": {"uv": [2, 9.75, 1.25, 8.5], "texture": "#0"},
				"down": {"uv": [2.75, 8.5, 2, 9.75], "texture": "#0"}
			}
		},
		{
			"from": [7.275, 8.53963, 11.44239],
			"to": [8.775, 10.53963, 13.44239],
			"faces": {
				"north": {"uv": [1, 1, 1.75, 2], "texture": "#0"},
				"east": {"uv": [0, 1, 1, 2], "texture": "#0"},
				"south": {"uv": [2.75, 1, 3.5, 2], "texture": "#0"},
				"west": {"uv": [1.75, 1, 2.75, 2], "texture": "#0"},
				"up": {"uv": [1.75, 1, 1, 0], "texture": "#0"},
				"down": {"uv": [2.5, 0, 1.75, 1], "texture": "#0"}
			}
		},
		{
			"from": [8.025, 10.53963, 11.44239],
			"to": [8.025, 12.53963, 13.44239],
			"faces": {
				"north": {"uv": [1, 2, 1, 3], "texture": "#0"},
				"east": {"uv": [1, 2, 0, 3], "texture": "#0"},
				"south": {"uv": [2, 2, 2, 3], "texture": "#0"},
				"west": {"uv": [0, 2, 1, 3], "texture": "#0"},
				"up": {"uv": [1, 2, 1, 1], "texture": "#0"},
				"down": {"uv": [1, 1, 1, 2], "texture": "#0"}
			}
		},
		{
			"from": [7.525, 10.28963, 0.41739],
			"to": [8.525, 11.28963, 0.41739],
			"faces": {
				"north": {"uv": [0, 0, 0.47917, 0.47917], "texture": "#0"}
			}
		}
	],
	"gui_light": "front",
	"display": {
		"thirdperson_righthand": {
			"translation": [-0.5, -0.25, -2.5],
			"scale": [0.9, 0.9, 0.9]
		},
		"thirdperson_lefthand": {
			"translation": [-0.5, -0.25, -2.5],
			"scale": [0.9, 0.9, 0.9]
		},
		"firstperson_righthand": {
			"translation": [0, -1, -4]
		},
		"firstperson_lefthand": {
			"translation": [0, -1, -4]
		},
		"ground": {
			"rotation": [0, 0, 90],
			"translation": [0, -2, 0],
			"scale": [0.8, 0.8, 0.8]
		},
		"gui": {
			"rotation": [90, -60, 90],
			"translation": [0, -0.75, 0]
		},
		"head": {
			"rotation": [180, 90, 0],
			"translation": [0, 15.5, 7.25],
			"scale": [0.8, 0.8, 0.8]
		},
		"fixed": {
			"rotation": [0, 90, 0],
			"translation": [0, 0, -1.5],
			"scale": [1.6, 1.6, 1.6]
		}
	}
}