{
	"textures": {
		"0": "item/gun/hk_mp7/base"
	},
	"elements": [
		{
			"from": [7.5, 9.75, 1.75],
			"to": [8.5, 10.75, 4.25],
			"faces": {
				"north": {"uv": [7.25, 9.25, 7.75, 9.75], "texture": "#0"},
				"east": {"uv": [6, 9.25, 7.25, 9.75], "texture": "#0"},
				"south": {"uv": [9, 9.25, 9.5, 9.75], "texture": "#0"},
				"west": {"uv": [7.75, 9.25, 9, 9.75], "texture": "#0"},
				"up": {"uv": [7.75, 9.25, 7.25, 8], "texture": "#0"},
				"down": {"uv": [8.25, 8, 7.75, 9.25], "texture": "#0"}
			}
		},
		{
			"from": [7.6, 9.85, 1.725],
			"to": [8.4, 10.65, 1.725],
			"faces": {
				"north": {"uv": [7.25, 10, 7.75, 10.5], "texture": "#0"}
			}
		},
		{
			"from": [7.25, 11.75, 13.25],
			"to": [8.75, 12.75, 15.25],
			"faces": {
				"north": {"uv": [9.5, 9.75, 10.25, 10.25], "texture": "#0"},
				"east": {"uv": [8.5, 9.75, 9.5, 10.25], "texture": "#0"},
				"south": {"uv": [11.25, 9.75, 12, 10.25], "texture": "#0"},
				"west": {"uv": [10.25, 9.75, 11.25, 10.25], "texture": "#0"},
				"up": {"uv": [10.25, 9.75, 9.5, 8.75], "texture": "#0"},
				"down": {"uv": [11, 8.75, 10.25, 9.75], "texture": "#0"}
			}
		},
		{
			"from": [7.25, 11.25, 15.25],
			"to": [8.75, 11.75, 15.75],
			"faces": {
				"north": {"uv": [0.25, 1.25, 1, 1.5], "texture": "#0"},
				"east": {"uv": [0, 1.25, 0.25, 1.5], "texture": "#0"},
				"south": {"uv": [1.25, 1.25, 2, 1.5], "texture": "#0"},
				"west": {"uv": [1, 1.25, 1.25, 1.5], "texture": "#0"},
				"up": {"uv": [1, 1.25, 0.25, 1], "texture": "#0"},
				"down": {"uv": [1.75, 1, 1, 1.25], "texture": "#0"}
			}
		},
		{
			"from": [7.25, 12.25, 3.75],
			"to": [8.75, 13.25, 4.75],
			"faces": {
				"north": {"uv": [0.5, 0.5, 1.25, 1], "texture": "#0"},
				"east": {"uv": [0, 0.5, 0.5, 1], "texture": "#0"},
				"south": {"uv": [1.75, 0.5, 2.5, 1], "texture": "#0"},
				"west": {"uv": [1.25, 0.5, 1.75, 1], "texture": "#0"},
				"up": {"uv": [1.25, 0.5, 0.5, 0], "texture": "#0"},
				"down": {"uv": [2, 0, 1.25, 0.5], "texture": "#0"}
			}
		},
		{
			"from": [7.25, 11.75, 3.75],
			"to": [8.75, 12.25, 4.75],
			"faces": {
				"north": {"uv": [0.75, 1.75, 0, 2], "rotation": 180, "texture": "#0"},
				"east": {"uv": [0, 1.5, 0.25, 2], "rotation": 270, "texture": "#0"},
				"south": {"uv": [0, 1.5, 0.75, 1.75], "rotation": 180, "texture": "#0"},
				"west": {"uv": [0.5, 1.5, 0.75, 2], "rotation": 90, "texture": "#0"},
				"up": {"uv": [0, 1.5, 0.75, 2], "rotation": 180, "texture": "#0"},
				"down": {"uv": [0, 2, 0.75, 1.5], "rotation": 180, "texture": "#0"}
			}
		},
		{
			"from": [8.75, 12.25, 3.75],
			"to": [7.25, 13.25, 4.75],
			"faces": {
				"north": {"uv": [0.5, 0.5, 1.25, 1], "texture": "#0"},
				"east": {"uv": [0, 0.5, 0.5, 1], "texture": "#0"},
				"south": {"uv": [1.75, 0.5, 2.5, 1], "texture": "#0"},
				"west": {"uv": [1.25, 0.5, 1.75, 1], "texture": "#0"},
				"up": {"uv": [1.25, 0.5, 0.5, 0], "texture": "#0"},
				"down": {"uv": [2, 0, 1.25, 0.5], "texture": "#0"}
			}
		},
		{
			"from": [7.25, 9.25, 3.25],
			"to": [8.75, 11.75, 15.25],
			"faces": {
				"north": {"uv": [6, 6, 6.75, 7.25], "texture": "#0"},
				"east": {"uv": [0, 6, 6, 7.25], "texture": "#0"},
				"south": {"uv": [12.75, 6, 13.5, 7.25], "texture": "#0"},
				"west": {"uv": [6.75, 6, 12.75, 7.25], "texture": "#0"},
				"up": {"uv": [6.75, 6, 6, 0], "texture": "#0"},
				"down": {"uv": [7.5, 0, 6.75, 6], "texture": "#0"}
			}
		},
		{
			"from": [7, 7.25, 19.75],
			"to": [9, 11.75, 21.25],
			"faces": {
				"north": {"uv": [8.25, 0.75, 9.25, 3], "texture": "#0"},
				"east": {"uv": [7.5, 0.75, 8.25, 3], "texture": "#0"},
				"south": {"uv": [10, 0.75, 11, 3], "texture": "#0"},
				"west": {"uv": [9.25, 0.75, 10, 3], "texture": "#0"},
				"up": {"uv": [9.25, 0.75, 8.25, 0], "texture": "#0"},
				"down": {"uv": [10.25, 0, 9.25, 0.75], "texture": "#0"}
			}
		},
		{
			"from": [7.5, 10.25, 15.25],
			"to": [8.5, 11.25, 20.25],
			"faces": {
				"north": {"uv": [2.5, 2.5, 3, 3], "texture": "#0"},
				"east": {"uv": [0, 2.5, 2.5, 3], "texture": "#0"},
				"south": {"uv": [5.5, 2.5, 6, 3], "texture": "#0"},
				"west": {"uv": [3, 2.5, 5.5, 3], "texture": "#0"},
				"up": {"uv": [3, 2.5, 2.5, 0], "texture": "#0"},
				"down": {"uv": [3.5, 0, 3, 2.5], "texture": "#0"}
			}
		},
		{
			"from": [8, 11.25, 4.25],
			"to": [8, 12.75, 14.25],
			"faces": {
				"north": {"uv": [5, 7.25, 5, 8], "texture": "#0"},
				"east": {"uv": [0, 7.25, 5, 8], "texture": "#0"},
				"south": {"uv": [10, 7.25, 10, 8], "texture": "#0"},
				"west": {"uv": [5, 7.25, 0, 8], "texture": "#0"},
				"up": {"uv": [5, 7.25, 5, 2.25], "texture": "#0"},
				"down": {"uv": [5, 2.25, 5, 7.25], "texture": "#0"}
			}
		},
		{
			"from": [7, 9, 4.25],
			"to": [9, 10, 8.25],
			"faces": {
				"north": {"uv": [2, 5, 3, 5.5], "texture": "#0"},
				"east": {"uv": [0, 5, 2, 5.5], "texture": "#0"},
				"south": {"uv": [5, 5, 6, 5.5], "texture": "#0"},
				"west": {"uv": [3, 5, 5, 5.5], "texture": "#0"},
				"up": {"uv": [3, 5, 2, 3], "texture": "#0"},
				"down": {"uv": [4, 3, 3, 5], "texture": "#0"}
			}
		},
		{
			"from": [7.25, 5.25, 10.25],
			"to": [8.75, 9.25, 12.25],
			"faces": {
				"north": {"uv": [8.5, 4, 9.25, 6], "texture": "#0"},
				"east": {"uv": [7.5, 4, 8.5, 6], "texture": "#0"},
				"south": {"uv": [10.25, 4, 11, 6], "texture": "#0"},
				"west": {"uv": [9.25, 4, 10.25, 6], "texture": "#0"},
				"up": {"uv": [9.25, 4, 8.5, 3], "texture": "#0"},
				"down": {"uv": [10, 3, 9.25, 4], "texture": "#0"}
			}
		},
		{
			"from": [8, 6.25, 7.25],
			"to": [8, 9.25, 10.25],
			"faces": {
				"north": {"uv": [1.5, 8, 1.5, 9.5], "texture": "#0"},
				"east": {"uv": [1.5, 8, 0, 9.5], "texture": "#0"},
				"south": {"uv": [3, 8, 3, 9.5], "texture": "#0"},
				"west": {"uv": [0, 8, 1.5, 9.5], "texture": "#0"},
				"up": {"uv": [1.5, 8, 1.5, 6.5], "texture": "#0"},
				"down": {"uv": [1.5, 6.5, 1.5, 8], "texture": "#0"}
			}
		}
	],
	"gui_light": "front",
	"display": {
		"thirdperson_righthand": {
			"translation": [-0.5, -0.5, -1.5],
			"scale": [0.9, 0.9, 0.9]
		},
		"thirdperson_lefthand": {
			"translation": [-0.5, -0.5, -1.5],
			"scale": [0.9, 0.9, 0.9]
		},
		"firstperson_righthand": {
			"translation": [-9, 1, -4]
		},
		"firstperson_lefthand": {
			"translation": [-9, 1, -4]
		},
		"ground": {
			"rotation": [0, 0, 90],
			"translation": [0, -2, 0],
			"scale": [0.8, 0.8, 0.8]
		},
		"gui": {
			"rotation": [90, -50, 90],
			"translation": [3, 1, 0],
			"scale": [0.8, 0.8, 0.8]
		},
		"head": {
			"rotation": [180, 90, 0],
			"translation": [0, 15.5, 7.25],
			"scale": [0.8, 0.8, 0.8]
		},
		"fixed": {
			"rotation": [0, 90, 0],
			"translation": [-6, 0, -1.25],
			"scale": [1.6, 1.6, 1.6]
		}
	}
}