{
	"textures": {
		"0": "item/gun/mag_7/base",
		"particle": "item/gun/mag_7/base"
	},
	"elements": [
		{
			"from": [7.25, 6.18171, 10.4347],
			"to": [8.75, 10.68171, 13.4347],
			"rotation": {"angle": -22.5, "axis": "x", "origin": [8, 8.45671, 14.3097]},
			"faces": {
				"north": {"uv": [8.8, 8.4, 9.4, 10.2], "texture": "#0"},
				"east": {"uv": [7.6, 8.4, 8.8, 10.2], "texture": "#0"},
				"south": {"uv": [10.6, 8.4, 11.2, 10.2], "texture": "#0"},
				"west": {"uv": [9.4, 8.4, 10.6, 10.2], "texture": "#0"},
				"up": {"uv": [9.4, 8.4, 8.8, 7.2], "texture": "#0"},
				"down": {"uv": [10, 7.2, 9.4, 8.4], "texture": "#0"}
			}
		},
		{
			"from": [7, 8.95671, 1.3097],
			"to": [9, 12.45671, 14.3097],
			"faces": {
				"north": {"uv": [5.2, 5.2, 6, 6.6], "texture": "#0"},
				"east": {"uv": [0, 5.2, 5.2, 6.6], "texture": "#0"},
				"south": {"uv": [11.2, 5.2, 12, 6.6], "texture": "#0"},
				"west": {"uv": [6, 5.2, 11.2, 6.6], "texture": "#0"},
				"up": {"uv": [6, 5.2, 5.2, 0], "texture": "#0"},
				"down": {"uv": [6.8, 0, 6, 5.2], "texture": "#0"}
			}
		},
		{
			"from": [8, 12.45671, 9.3097],
			"to": [8, 13.95671, 16.3097],
			"faces": {
				"north": {"uv": [7.2, 6.6, 7.2, 7.2], "texture": "#0"},
				"east": {"uv": [7.2, 6.6, 4.4, 7.2], "texture": "#0"},
				"south": {"uv": [10, 6.6, 10, 7.2], "texture": "#0"},
				"west": {"uv": [4.4, 6.6, 7.2, 7.2], "texture": "#0"},
				"up": {"uv": [7.2, 6.6, 7.2, 3.8], "texture": "#0"},
				"down": {"uv": [7.2, 3.8, 7.2, 6.6], "texture": "#0"}
			}
		},
		{
			"from": [8, 12.45671, -0.6903],
			"to": [8, 13.95671, 4.3097],
			"faces": {
				"north": {"uv": [2, 3.4, 2, 4], "texture": "#0"},
				"east": {"uv": [2, 3.4, 0, 4], "texture": "#0"},
				"south": {"uv": [4, 3.4, 4, 4], "texture": "#0"},
				"west": {"uv": [0, 3.4, 2, 4], "texture": "#0"},
				"up": {"uv": [2, 3.4, 2, 1.4], "texture": "#0"},
				"down": {"uv": [2, 1.4, 2, 3.4], "texture": "#0"}
			}
		},
		{
			"from": [8, 5.45671, 6.8097],
			"to": [8, 8.95671, 11.8097],
			"faces": {
				"north": {"uv": [2, 2, 2, 3.4], "texture": "#0"},
				"east": {"uv": [2, 2, 0, 3.4], "texture": "#0"},
				"south": {"uv": [4, 2, 4, 3.4], "texture": "#0"},
				"west": {"uv": [0, 2, 2, 3.4], "texture": "#0"},
				"up": {"uv": [2, 2, 2, 0], "texture": "#0"},
				"down": {"uv": [2, 0, 2, 2], "texture": "#0"}
			}
		},
		{
			"from": [7.5, 10.70671, -3.7153],
			"to": [8.5, 11.70671, -3.7153],
			"faces": {
				"north": {"uv": [0, 0, 0.37917, 0.37917], "texture": "#0"}
			}
		},
		{
			"from": [7, 9.45671, 14.3097],
			"to": [9, 12.45671, 16.3097],
			"faces": {
				"north": {"uv": [0.8, 0.8, 1.6, 2], "texture": "#0"},
				"east": {"uv": [0, 0.8, 0.8, 2], "texture": "#0"},
				"south": {"uv": [2.4, 0.8, 3.2, 2], "texture": "#0"},
				"west": {"uv": [1.6, 0.8, 2.4, 2], "texture": "#0"},
				"up": {"uv": [1.6, 0.8, 0.8, 0], "texture": "#0"},
				"down": {"uv": [2.4, 0, 1.6, 0.8], "texture": "#0"}
			}
		},
		{
			"from": [7.25, 10.45671, -3.6903],
			"to": [8.75, 11.95671, -0.6903],
			"faces": {
				"north": {"uv": [3.2, 9.8, 3.8, 10.4], "texture": "#0"},
				"east": {"uv": [2, 9.8, 3.2, 10.4], "texture": "#0"},
				"south": {"uv": [5, 9.8, 5.6, 10.4], "texture": "#0"},
				"west": {"uv": [3.8, 9.8, 5, 10.4], "texture": "#0"},
				"up": {"uv": [3.8, 9.8, 3.2, 8.6], "texture": "#0"},
				"down": {"uv": [4.4, 8.6, 3.8, 9.8], "texture": "#0"}
			}
		},
		{
			"from": [6.75, 8.45671, 0.3097],
			"to": [9.25, 11.45671, 5.8097],
			"faces": {
				"north": {"uv": [9, 2.2, 10, 3.4], "texture": "#0"},
				"east": {"uv": [6.8, 2.2, 9, 3.4], "texture": "#0"},
				"south": {"uv": [12.2, 2.2, 13.2, 3.4], "texture": "#0"},
				"west": {"uv": [10, 2.2, 12.2, 3.4], "texture": "#0"},
				"up": {"uv": [10, 2.2, 9, 0], "texture": "#0"},
				"down": {"uv": [11, 0, 10, 2.2], "texture": "#0"}
			}
		},
		{
			"from": [6.75, 7.45671, 3.8097],
			"to": [9.25, 8.45671, 5.8097],
			"faces": {
				"north": {"uv": [0.8, 4.8, 1.8, 5.2], "texture": "#0"},
				"east": {"uv": [0, 4.8, 0.8, 5.2], "texture": "#0"},
				"south": {"uv": [2.6, 4.8, 3.6, 5.2], "texture": "#0"},
				"west": {"uv": [1.8, 4.8, 2.6, 5.2], "texture": "#0"},
				"up": {"uv": [1.8, 4.8, 0.8, 4], "texture": "#0"},
				"down": {"uv": [2.8, 4, 1.8, 4.8], "texture": "#0"}
			}
		},
		{
			"from": [7, 9.95671, -0.6903],
			"to": [9, 12.45671, 1.3097],
			"faces": {
				"north": {"uv": [0.8, 7.4, 1.6, 8.4], "texture": "#0"},
				"east": {"uv": [0, 7.4, 0.8, 8.4], "texture": "#0"},
				"south": {"uv": [2.4, 7.4, 3.2, 8.4], "texture": "#0"},
				"west": {"uv": [1.6, 7.4, 2.4, 8.4], "texture": "#0"},
				"up": {"uv": [1.6, 7.4, 0.8, 6.6], "texture": "#0"},
				"down": {"uv": [2.4, 6.6, 1.6, 7.4], "texture": "#0"}
			}
		}
	],
	"gui_light": "front",
	"display": {
		"thirdperson_righthand": {
			"translation": [-0.5, -0.5, -1.5],
			"scale": [0.9, 0.9, 0.9]
		},
		"thirdperson_lefthand": {
			"translation": [-0.5, -0.5, -1.5],
			"scale": [0.9, 0.9, 0.9]
		},
		"firstperson_righthand": {
			"translation": [-9, 1, -4]
		},
		"firstperson_lefthand": {
			"translation": [-9, 1, -4]
		},
		"ground": {
			"rotation": [0, 0, 90],
			"translation": [0, -2, 0],
			"scale": [0.8, 0.8, 0.8]
		},
		"gui": {
			"rotation": [90, -50, 90],
			"translation": [1.5, -1, 0],
			"scale": [0.8, 0.8, 0.8]
		},
		"head": {
			"rotation": [180, 90, 0],
			"translation": [0, 15.5, 7.25],
			"scale": [0.8, 0.8, 0.8]
		},
		"fixed": {
			"rotation": [0, 90, 0],
			"translation": [2.5, 0, -1.5],
			"scale": [1.6, 1.6, 1.6]
		}
	}
}