{
  "gun.aks_74u.load": {
    "sounds": [
      "minecraft:item/gun/aks_74u/load"
    ]
  },
  "gun.aks_74u.shot": {
    "sounds": [
      "minecraft:item/gun/aks_74u/shot"
    ]
  },
  "gun.aks_74u.unload": {
    "sounds": [
      "minecraft:item/gun/aks_74u/unload"
    ]
  },
  "gun.colt_anaconda.load": {
    "sounds": [
      "minecraft:item/gun/colt_anaconda/load"
    ]
  },
  "gun.colt_anaconda.shot": {
    "sounds": [
      "minecraft:item/gun/colt_anaconda/shot"
    ]
  },
  "gun.colt_anaconda.unload": {
    "sounds": [
      "minecraft:item/gun/colt_anaconda/unload"
    ]
  },
  "gun.mag_7.load": {
    "sounds": [
      "minecraft:item/gun/mag_7/load"
    ]
  },
  "gun.mag_7.shot": {
    "sounds": [
      "minecraft:item/gun/mag_7/shot"
    ]
  },
  "gun.mag_7.unload": {
    "sounds": [
      "minecraft:item/gun/mag_7/unload"
    ]
  },
  "gun.hk_mp7.load": {
    "sounds": [
      "minecraft:item/gun/hk_mp7/load"
    ]
  },
  "gun.hk_mp7.shot": {
    "sounds": [
      "minecraft:item/gun/hk_mp7/shot"
    ]
  },
  "gun.hk_mp7.unload": {
    "sounds": [
      "minecraft:item/gun/hk_mp7/unload"
    ]
  },
  "gun.five_seven.load": {
    "sounds": [
      "minecraft:item/gun/five_seven/load"
    ]
  },
  "gun.five_seven.shot": {
    "sounds": [
      "minecraft:item/gun/five_seven/shot"
    ]
  },
  "gun.five_seven.unload": {
    "sounds": [
      "minecraft:item/gun/five_seven/unload"
    ]
  },
  "gun.scope": {
    "sounds": [
      "minecraft:item/gun/scope"
    ]
  },
  "gun.switch": {
    "sounds": [
      "minecraft:item/gun/switch"
    ]
  },
  "gun.magazine": {
    "sounds": [
      "minecraft:item/gun/switch"
    ]
  },
  "gun.hit_block.canvas": {
    "sounds": [
      "minecraft:item/gun/hit_block/canvas/canvas01",
      "minecraft:item/gun/hit_block/canvas/canvas02",
      "minecraft:item/gun/hit_block/canvas/canvas03",
      "minecraft:item/gun/hit_block/canvas/canvas04",
      "minecraft:item/gun/hit_block/canvas/canvas05",
      "minecraft:item/gun/hit_block/canvas/canvas06"
    ]
  },
  "gun.hit_block.dirt": {
    "sounds": [
      "minecraft:item/gun/hit_block/dirt/dirt01",
      "minecraft:item/gun/hit_block/dirt/dirt02",
      "minecraft:item/gun/hit_block/dirt/dirt03",
      "minecraft:item/gun/hit_block/dirt/dirt04",
      "minecraft:item/gun/hit_block/dirt/dirt05"
    ]
  },
  "gun.hit_block.foliage": {
    "sounds": [
      "minecraft:item/gun/hit_block/foliage/foliage01",
      "minecraft:item/gun/hit_block/foliage/foliage02",
      "minecraft:item/gun/hit_block/foliage/foliage03",
      "minecraft:item/gun/hit_block/foliage/foliage04"
    ]
  },
  "gun.hit_block.glass": {
    "sounds": [
      "minecraft:item/gun/hit_block/glass/glass01",
      "minecraft:item/gun/hit_block/glass/glass02",
      "minecraft:item/gun/hit_block/glass/glass03",
      "minecraft:item/gun/hit_block/glass/glass04"
    ]
  },
  "gun.hit_block.masonry": {
    "sounds": [
      "minecraft:item/gun/hit_block/masonry/masonry01",
      "minecraft:item/gun/hit_block/masonry/masonry02",
      "minecraft:item/gun/hit_block/masonry/masonry03",
      "minecraft:item/gun/hit_block/masonry/masonry04",
      "minecraft:item/gun/hit_block/masonry/masonry05",
      "minecraft:item/gun/hit_block/masonry/masonry06"
    ]
  },
  "gun.hit_block.metal": {
    "sounds": [
      "minecraft:item/gun/hit_block/metal/metal01",
      "minecraft:item/gun/hit_block/metal/metal02",
      "minecraft:item/gun/hit_block/metal/metal03",
      "minecraft:item/gun/hit_block/metal/metal04",
      "minecraft:item/gun/hit_block/metal/metal05",
      "minecraft:item/gun/hit_block/metal/metal06",
      "minecraft:item/gun/hit_block/metal/metal07",
      "minecraft:item/gun/hit_block/metal/metal08",
      "minecraft:item/gun/hit_block/metal/metal09",
      "minecraft:item/gun/hit_block/metal/metal10",
      "minecraft:item/gun/hit_block/metal/metal11",
      "minecraft:item/gun/hit_block/metal/metal12",
      "minecraft:item/gun/hit_block/metal/metal13",
      "minecraft:item/gun/hit_block/metal/metal14",
      "minecraft:item/gun/hit_block/metal/metal15",
      "minecraft:item/gun/hit_block/metal/metal16"
    ]
  },
  "gun.hit_block.snow": {
    "sounds": [
      "minecraft:item/gun/hit_block/snow/snow01",
      "minecraft:item/gun/hit_block/snow/snow02",
      "minecraft:item/gun/hit_block/snow/snow03",
      "minecraft:item/gun/hit_block/snow/snow04",
      "minecraft:item/gun/hit_block/snow/snow05",
      "minecraft:item/gun/hit_block/snow/snow06"
    ]
  },
  "gun.hit_block.stone": {
    "sounds": [
      "minecraft:item/gun/hit_block/stone/stone01",
      "minecraft:item/gun/hit_block/stone/stone02",
      "minecraft:item/gun/hit_block/stone/stone03",
      "minecraft:item/gun/hit_block/stone/stone04",
      "minecraft:item/gun/hit_block/stone/stone05"
    ]
  },
  "gun.hit_block.water": {
    "sounds": [
      "minecraft:item/gun/hit_block/water/water01",
      "minecraft:item/gun/hit_block/water/water02",
      "minecraft:item/gun/hit_block/water/water03",
      "minecraft:item/gun/hit_block/water/water04"
    ]
  },
  "gun.hit_block.wood": {
    "sounds": [
      "minecraft:item/gun/hit_block/wood/wood01",
      "minecraft:item/gun/hit_block/wood/wood02",
      "minecraft:item/gun/hit_block/wood/wood03",
      "minecraft:item/gun/hit_block/wood/wood04",
      "minecraft:item/gun/hit_block/wood/wood05",
      "minecraft:item/gun/hit_block/wood/wood06",
      "minecraft:item/gun/hit_block/wood/wood07",
      "minecraft:item/gun/hit_block/wood/wood08",
      "minecraft:item/gun/hit_block/wood/wood09",
      "minecraft:item/gun/hit_block/wood/wood10",
      "minecraft:item/gun/hit_block/wood/wood11",
      "minecraft:item/gun/hit_block/wood/wood12"
    ]
  }
}
